title,overview,,vote_average,vote_count
White Chicks,"crude and sexual humor, language and some drug content",,9,5415
Lucky Number Slevin,"strong violence, sexual content and adult language",,9,2413
Grey's Anatomy,Parents strongly cautioned. May be unsuitable for children ages 14 and under.,,8.5,92
Prison Break,Parents strongly cautioned. May be unsuitable for children ages 14 and under.,,8.5,34
How I Met Your Mother,Parental guidance suggested. May not be suitable for all children.,,8.5,173
Supernatural,Parents strongly cautioned. May be unsuitable for children ages 14 and under.,,7,1886
Breaking Bad,For mature audiences.  May not be suitable for children 17 and under.,,3,141
The Vampire Diaries,Parents strongly cautioned. May be unsuitable for children ages 14 and under.,,9,45
The Walking Dead,For mature audiences.  May not be suitable for children 17 and under.,,3,174
Pretty Little Liars,Parents strongly cautioned. May be unsuitable for children ages 14 and under.,,7,1194
Once Upon a Time,Parental guidance suggested. May not be suitable for all children.,,7.5,199
Sherlock,Parents strongly cautioned. May be unsuitable for children ages 14 and under.,,7.5,210
Death Note,Parents strongly cautioned. May be unsuitable for children ages 14 and under.,,7,423
Naruto,Parental guidance suggested. May not be suitable for all children.,,9,72
The Hunter,language and brief violence,,9,137
Lottie Dottie Chicken,Suitable for all ages.,,6.5,1343
Arrow,Parents strongly cautioned. May be unsuitable for children ages 14 and under.,,6.5,364
Black Mirror,For mature audiences.  May not be suitable for children 17 and under.,,8,539
The Originals,Parents strongly cautioned. May be unsuitable for children ages 14 and under.,,5.5,1128
The 100,This movie has not been rated.,,7,224
Masha and the Bear,Suitable for all ages.,,7,305
"ÌÒ Pai, ÌÒ - Look at This",For mature audiences.  May not be suitable for children 17 and under.,,7.5,199
Nymphomaniac: Volume 1,This movie has not been rated.,,7.5,394
Hunter X Hunter (2011),This movie has not been rated.,,7.5,143
Marvel's Luke Cage,For mature audiences.  May not be suitable for children 17 and under.,,9,365
Marvel's Iron Fist,,,7,33
Narcos,For mature audiences.  May not be suitable for children 17 and under.,,9,91
The Flash,Parental guidance suggested. May not be suitable for all children.,,7.5,36
The Seven Deadly Sins,Parents strongly cautioned. May be unsuitable for children ages 14 and under.,,8,308
Scream,Parents strongly cautioned. May be unsuitable for children ages 14 and under.,,6.5,17
The Do-Over,For mature audiences.  May not be suitable for children 17 and under.,,9,249
OperaÌ¤Ìµes Especiais,,,8.7,2470
3%,For mature audiences.  May not be suitable for children 17 and under.,,4.9,4
Trollhunters,Suitable for children ages 7 and older.  Content contains fantasy violence.,,9.6,756
Fearless,Parents strongly cautioned. May be unsuitable for children ages 14 and under.,,7.3,16
Hyena Road,"bloody war violence, language throughout and some sexual material",,9.6,350
Santa Clarita Diet,For mature audiences.  May not be suitable for children 17 and under.,,6.5,2
"Sex, Love and Therapy",This movie has not been rated.,,9,149
White Girl,"This movie has not been rated. Intended for adults only and may contain sex, violence, drugs, language or other adult themes.",,9,828
Girlboss,,,9,13
City of God: 10 Years Later,For mature audiences.  May not be suitable for children 17 and under.,,8.5,50
13 Reasons Why,For mature audiences.  May not be suitable for children 17 and under.,,8,80
Sand Castle,,,8.5,30
Salvador Martinha - Tip of the Tongue,For mature audiences.  May not be suitable for children 17 and under.,,8.5,452
Sandy Wexler,,,8.5,177
O Amor no DivÌ£,,,9.2,38
Stronger Than the World,,,7.9,5915
Back and Forth,This movie has not been rated.,,7.9,1509
Happily Married,,,7,10
Pandora,,,6.9,3334
Lucky Number Slevin,"strong violence, sexual content and adult language",,9.1,3
The Office (U.S.),Parents strongly cautioned. May be unsuitable for children ages 14 and under.,,8,145
Grey's Anatomy,Parents strongly cautioned. May be unsuitable for children ages 14 and under.,,9.5,11
Prison Break,Parents strongly cautioned. May be unsuitable for children ages 14 and under.,,8,41
90210,Parents strongly cautioned. May be unsuitable for children ages 14 and under.,,9.5,15
Gossip Girl,Parents strongly cautioned. May be unsuitable for children ages 14 and under.,,8,1
How I Met Your Mother,Parental guidance suggested. May not be suitable for all children.,,6,39
Supernatural,Parents strongly cautioned. May be unsuitable for children ages 14 and under.,,9,181
Breaking Bad,For mature audiences.  May not be suitable for children 17 and under.,,9,2
Parks and Recreation,Parents strongly cautioned. May be unsuitable for children ages 14 and under.,,2.5,136
Glee,Parental guidance suggested. May not be suitable for all children.,,9.1,65
The Vampire Diaries,Parents strongly cautioned. May be unsuitable for children ages 14 and under.,,9.1,115
Family Guy,For mature audiences.  May not be suitable for children 17 and under.,,7,192
Criminal Minds,Parents strongly cautioned. May be unsuitable for children ages 14 and under.,,8.2,14
Friends,Parents strongly cautioned. May be unsuitable for children ages 14 and under.,,9.2,31110
The Secret Life of the American Teenager,Parents strongly cautioned. May be unsuitable for children ages 14 and under.,,8.8,32
One Tree Hill,Parents strongly cautioned. May be unsuitable for children ages 14 and under.,,8.8,11
The Walking Dead,For mature audiences.  May not be suitable for children 17 and under.,,4,43
Pretty Little Liars,Parents strongly cautioned. May be unsuitable for children ages 14 and under.,,8.7,513
Shameless (U.S.),For mature audiences.  May not be suitable for children 17 and under.,,8.8,1644
New Girl,Parents strongly cautioned. May be unsuitable for children ages 14 and under.,,6,54
American Horror Story,For mature audiences.  May not be suitable for children 17 and under.,,4,36
Orange Is the New Black,For mature audiences.  May not be suitable for children 17 and under.,,4,8
Inside Russia's Toughest Prison,Parents strongly cautioned. May be unsuitable for children ages 14 and under.,,8.5,27
Black Mirror,For mature audiences.  May not be suitable for children 17 and under.,,8.5,16
Bates Motel,Parents strongly cautioned. May be unsuitable for children ages 14 and under.,,9,154
The 100,This movie has not been rated.,,9,3
Marvel's Iron Fist,,,9,74
Grace and Frankie,For mature audiences.  May not be suitable for children 17 and under.,,5.5,91
How to Get Away with Murder,Parents strongly cautioned. May be unsuitable for children ages 14 and under.,,5.5,20
The Get Down,For mature audiences.  May not be suitable for children 17 and under.,,8.2,87
Love,For mature audiences.  May not be suitable for children 17 and under.,,7.5,26
The Flash,Parental guidance suggested. May not be suitable for all children.,,7,2
The OA,For mature audiences.  May not be suitable for children 17 and under.,,7,0
Stranger Things,Parents strongly cautioned. May be unsuitable for children ages 14 and under.,,9,17
Ingobernable,,,7,86
Zootopia,"some thematic elements, rude humor and action",,9,59
Meet the Blacks,"pervasive language, some sexual material, violence and drug use",,9,124
Finding Dory,mild thematic elements,,4,190
Santa Clarita Diet,For mature audiences.  May not be suitable for children 17 and under.,,3.9,3
Sausage Party,"strong crude sexual content, pervasive language, and drug use",,7.1,77
Pete's Dragon,"for action, peril and brief language",,5.8,113
Kevin Hart: What Now?,"some sexual material, and language throughout",,7.2,103
Girlboss,,,8.3,459
The Discovery,,,7.6,6
Sand Castle,,,6,695
Sandy Wexler,,,6,13
Chewing Gum,For mature audiences.  May not be suitable for children 17 and under.,,7.6,4
Cheer Squad,,,9.3,67
Only for One Night,,,6.8,285
The Life Aquatic with Steve Zissou,"language, some drug use, violence and partial nudity",,7.6,16
Lucky Number Slevin,"strong violence, sexual content and adult language",,8.8,22
The L Word,For mature audiences.  May not be suitable for children 17 and under.,,2.3,767
The Office (U.S.),Parents strongly cautioned. May be unsuitable for children ages 14 and under.,,2.3,397
30 Rock,Parents strongly cautioned. May be unsuitable for children ages 14 and under.,,7.5,5
Mad Men,Parents strongly cautioned. May be unsuitable for children ages 14 and under.,,8,93
It's Always Sunny in Philadelphia,For mature audiences.  May not be suitable for children 17 and under.,,7.5,2
Californication,For mature audiences.  May not be suitable for children 17 and under.,,8.8,0
Parks and Recreation,Parents strongly cautioned. May be unsuitable for children ages 14 and under.,,9,3404
Friends,Parents strongly cautioned. May be unsuitable for children ages 14 and under.,,9,2632
Shameless (U.S.),For mature audiences.  May not be suitable for children 17 and under.,,9.1,245
Portlandia,Parents strongly cautioned. May be unsuitable for children ages 14 and under.,,9,37
New Girl,Parents strongly cautioned. May be unsuitable for children ages 14 and under.,,4.5,2
Don't Trust the B---- in Apartment 23,Parents strongly cautioned. May be unsuitable for children ages 14 and under.,,7,23
Friends with Benefits,Parents strongly cautioned. May be unsuitable for children ages 14 and under.,,9,4
The Client List,Parents strongly cautioned. May be unsuitable for children ages 14 and under.,,6,19
Halt and Catch Fire,Parents strongly cautioned. May be unsuitable for children ages 14 and under.,,8.5,11
5 to 7,some sexual material,,8.5,7
Marvel's Iron Fist,,,7.5,21
Chef's Table,For mature audiences.  May not be suitable for children 17 and under.,,4,7
Documentary Now!,Parents strongly cautioned. May be unsuitable for children ages 14 and under.,,7.5,139
Grace and Frankie,For mature audiences.  May not be suitable for children 17 and under.,,7.5,249
Better Call Saul,For mature audiences.  May not be suitable for children 17 and under.,,7.5,29
The Get Down,For mature audiences.  May not be suitable for children 17 and under.,,5,66
Schitt's Creek,Parents strongly cautioned. May be unsuitable for children ages 14 and under.,,7.5,105
Lovesick,For mature audiences.  May not be suitable for children 17 and under.,,7.4,3
Flaked,For mature audiences.  May not be suitable for children 17 and under.,,7.5,0
Master of None,For mature audiences.  May not be suitable for children 17 and under.,,8.2,2
Chelsea,For mature audiences.  May not be suitable for children 17 and under.,,8.2,9
Abstract: The Art of Design,,,6,4
Cooper Barrett's Guide to Surviving Life,Parents strongly cautioned. May be unsuitable for children ages 14 and under.,,7.4,45
The Great British Baking Show,Parental guidance suggested. May not be suitable for all children.,,6.6,1
Life in Pieces,Parents strongly cautioned. May be unsuitable for children ages 14 and under.,,6.6,0
Crazy Ex-Girlfriend,Parents strongly cautioned. May be unsuitable for children ages 14 and under.,,6.7,110
Easy,For mature audiences.  May not be suitable for children 17 and under.,,6.7,2
Santa Clarita Diet,For mature audiences.  May not be suitable for children 17 and under.,,9.5,2
No Tomorrow,Parents strongly cautioned. May be unsuitable for children ages 14 and under.,,9.5,5
Minimalism: A Documentary About the Important Things,,,9,0
Girlboss,,,8,51
Hot Girls Wanted: Turned On,,,8,303
The Discovery,,,7.5,2
13 Reasons Why,For mature audiences.  May not be suitable for children 17 and under.,,8.3,23
Sandy Wexler,,,8.3,1729
Chewing Gum,For mature audiences.  May not be suitable for children 17 and under.,,6.9,31
Win It All,,,8,472
MerlÌ?,Parental guidance suggested. May not be suitable for all children.,,4.5,11
Amy Schumer: The Leather Special,,,9,21
Louis C.K. 2017,,,8,1637
Dave Chappelle,For mature audiences.  May not be suitable for children 17 and under.,,8,151
Almost Adults,This movie has not been rated.,,8.2,46
The Brothers,strong sexual content and language,,7.5,1529
Skins,For mature audiences.  May not be suitable for children 17 and under.,,7.5,163
The Cleveland Show,Parents strongly cautioned. May be unsuitable for children ages 14 and under.,,7.5,21
Absolutely Fabulous,Parents strongly cautioned. May be unsuitable for children ages 14 and under.,,8.5,28
Don't Trust the B---- in Apartment 23,Parents strongly cautioned. May be unsuitable for children ages 14 and under.,,9,57
Raising Hope,Parents strongly cautioned. May be unsuitable for children ages 14 and under.,,7.5,1045
Come Fly With Me,Parents strongly cautioned. May be unsuitable for children ages 14 and under.,,7,69
Orange Is the New Black,For mature audiences.  May not be suitable for children 17 and under.,,8.5,214
Brickleberry,For mature audiences.  May not be suitable for children 17 and under.,,8,508
Bates Motel,Parents strongly cautioned. May be unsuitable for children ages 14 and under.,,5.5,71
BoJack Horseman,For mature audiences.  May not be suitable for children 17 and under.,,7.5,898
Being Mary Jane: The Series,Parents strongly cautioned. May be unsuitable for children ages 14 and under.,,6.5,88
Documentary Now!,Parents strongly cautioned. May be unsuitable for children ages 14 and under.,,9,2094
Grace and Frankie,For mature audiences.  May not be suitable for children 17 and under.,,9,57
Unbreakable Kimmy Schmidt,Parents strongly cautioned. May be unsuitable for children ages 14 and under.,,6,0
The Get Down,For mature audiences.  May not be suitable for children 17 and under.,,8.2,319
Love,For mature audiences.  May not be suitable for children 17 and under.,,9.2,130
Bordertown,Parents strongly cautioned. May be unsuitable for children ages 14 and under.,,9.2,406
Jane The Virgin,Parents strongly cautioned. May be unsuitable for children ages 14 and under.,,9.2,19
Schitt's Creek,Parents strongly cautioned. May be unsuitable for children ages 14 and under.,,7,380
Dope,"language, drug content, sexuality/nudity, and some violence-all involving teens",,7,643
Lovesick,For mature audiences.  May not be suitable for children 17 and under.,,7,34
The Carmichael Show,Parents strongly cautioned. May be unsuitable for children ages 14 and under.,,8.5,280
Cooper Barrett's Guide to Surviving Life,Parents strongly cautioned. May be unsuitable for children ages 14 and under.,,4,64
The Great British Baking Show,Parental guidance suggested. May not be suitable for all children.,,4.5,87
November Rule,Parents strongly cautioned. May be unsuitable for children ages 14 and under.,,9,7
Life in Pieces,Parents strongly cautioned. May be unsuitable for children ages 14 and under.,,6.2,27
Crazy Ex-Girlfriend,Parents strongly cautioned. May be unsuitable for children ages 14 and under.,,5,400
Easy,For mature audiences.  May not be suitable for children 17 and under.,,5,153
Haters Back Off,Parents strongly cautioned. May be unsuitable for children ages 14 and under.,,5.3,10
Kubo and the Two Strings,"thematic elements, scary images, action and peril",,5.3,36
Skins,,,8,12
A Weekend with the Family,For mature audiences.  May not be suitable for children 17 and under.,,5,359
Crazyhead,For mature audiences.  May not be suitable for children 17 and under.,,5,171
Queen of Katwe,"thematic elements, an accident scene and some suggestive material",,9,14
Little Boxes,Parents strongly cautioned. May be unsuitable for children ages 14 and under.,,8.5,139
Deidra & Laney Rob a Train,,,9,1
Girlboss,,,8.5,62
Hot Girls Wanted: Turned On,,,9,111
13 Reasons Why,For mature audiences.  May not be suitable for children 17 and under.,,9,2
Hurricane Bianca,,,8,261
Honeytrap,This movie has not been rated.,,9,115
Greenleaf,Parents strongly cautioned. May be unsuitable for children ages 14 and under.,,9,60
Lazy Eye,,,9,457
Like Cotton Twines,,,9,6
The Wedding Party,,,4.9,334
Dave Chappelle,For mature audiences.  May not be suitable for children 17 and under.,,4.9,119
Only for One Night,,,5.3,9
Boy Bye,,,9,18
Almost Adults,This movie has not been rated.,,8,112
Nancy Drew,Parental guidance suggested. May not be suitable for children.,,9.8,117
30 Rock,Parents strongly cautioned. May be unsuitable for children ages 14 and under.,,9.8,217
Nurse Jackie,For mature audiences.  May not be suitable for children 17 and under.,,7,9
Parks and Recreation,Parents strongly cautioned. May be unsuitable for children ages 14 and under.,,8.3,6
Drop Dead Diva,Parental guidance suggested. May not be suitable for all children.,,7,168
Gilmore Girls,Parents strongly cautioned. May be unsuitable for children ages 14 and under.,,6.5,1017
Parenthood,Parents strongly cautioned. May be unsuitable for children ages 14 and under.,,6.5,25
Life Unexpected,Parental guidance suggested. May not be suitable for all children.,,9.4,27
Portlandia,Parents strongly cautioned. May be unsuitable for children ages 14 and under.,,5,11
New Girl,Parents strongly cautioned. May be unsuitable for children ages 14 and under.,,6.9,29
Don't Trust the B---- in Apartment 23,Parents strongly cautioned. May be unsuitable for children ages 14 and under.,,7.8,35
Raising Hope,Parents strongly cautioned. May be unsuitable for children ages 14 and under.,,7.8,45
Being Human (U.S.),Parents strongly cautioned. May be unsuitable for children ages 14 and under.,,7.8,984
Friends with Benefits,Parents strongly cautioned. May be unsuitable for children ages 14 and under.,,9,464
The Carrie Diaries,Parents strongly cautioned. May be unsuitable for children ages 14 and under.,,8.5,27
Baby Daddy,Parents strongly cautioned. May be unsuitable for children ages 14 and under.,,9,48
Halt and Catch Fire,Parents strongly cautioned. May be unsuitable for children ages 14 and under.,,7.2,58
The Angriest Man in Brooklyn,Restricted. May be inappropriate for children 17 and under.,,8.5,40
5 to 7,some sexual material,,8.5,30
Chef's Table,For mature audiences.  May not be suitable for children 17 and under.,,9,769
Grace and Frankie,For mature audiences.  May not be suitable for children 17 and under.,,8.4,184
Unbreakable Kimmy Schmidt,Parents strongly cautioned. May be unsuitable for children ages 14 and under.,,6.6,217
The Get Down,For mature audiences.  May not be suitable for children 17 and under.,,8.4,1
Sense8,For mature audiences.  May not be suitable for children 17 and under.,,7.9,91
Love,For mature audiences.  May not be suitable for children 17 and under.,,7.5,9
Bordertown,Parents strongly cautioned. May be unsuitable for children ages 14 and under.,,5.2,92
Girlfriends' Guide to Divorce,Parents strongly cautioned. May be unsuitable for children ages 14 and under.,,9.3,183
Schitt's Creek,Parents strongly cautioned. May be unsuitable for children ages 14 and under.,,5.2,1894
The Carmichael Show,Parents strongly cautioned. May be unsuitable for children ages 14 and under.,,5.5,76
Chelsea,For mature audiences.  May not be suitable for children 17 and under.,,5.5,64
Abstract: The Art of Design,,,9.3,28
Cooper Barrett's Guide to Surviving Life,Parents strongly cautioned. May be unsuitable for children ages 14 and under.,,9.3,639
The Great British Baking Show,Parental guidance suggested. May not be suitable for all children.,,6.5,179
Life in Pieces,Parents strongly cautioned. May be unsuitable for children ages 14 and under.,,6.5,38
Crazy Ex-Girlfriend,Parents strongly cautioned. May be unsuitable for children ages 14 and under.,,5,27
Fried,For mature audiences.  May not be suitable for children 17 and under.,,5,404
The Great Gilly Hopkins,for thematic material and language,,8,24
The Magicians,For mature audiences.  May not be suitable for children 17 and under.,,8.8,48
One Day at a Time,Parental guidance suggested. May not be suitable for all children.,,7.1,20
No Tomorrow,Parents strongly cautioned. May be unsuitable for children ages 14 and under.,,8.3,4
Hot Girls Wanted: Turned On,,,6,2
13 Reasons Why,For mature audiences.  May not be suitable for children 17 and under.,,5,9
Better Off Single,,,7.6,91
Sandy Wexler,,,8,299
Chewing Gum,For mature audiences.  May not be suitable for children 17 and under.,,6,17
The Matchbreaker,Parental guidance suggested. May not be suitable for children.,,9,90
Tramps,,,9.5,97
Slam,,,9.5,25
Cheer Squad,,,9.5,112
Almost Adults,This movie has not been rated.,,9.5,52
The Waterboy,language and some crude sexual humor,,9,52
10 Things I Hate About You,"adult content, adult language and mild violence",,7.4,12
Grease,Parental guidance suggested. May not be suitable for children.,,4.7,3403
How to Lose a Guy in 10 Days,some sex-related material,,7.6,444
The Benchwarmers,"crude and suggestive humor, and for language",,8.5,1100
Step Up,"thematic elements, brief violence and innuendo",,7.1,48
High School Musical 2,Suitable for all ages.,,7.5,21
Twilight,some violence and one sexual scene,,7.5,53
Coraline,"thematic elements, scary images, some language and suggestive humor",,8,1317
Hannah Montana: The Movie,General Audiences. Suitable for all ages.,,6.3,311
The Office (U.S.),Parents strongly cautioned. May be unsuitable for children ages 14 and under.,,6.3,59
Friday Night Lights,Parental guidance suggested. May not be suitable for all children.,,6.5,23
StarStruck,Suitable for all ages.,,6.5,18
Grey's Anatomy,Parents strongly cautioned. May be unsuitable for children ages 14 and under.,,9,9
Prison Break,Parents strongly cautioned. May be unsuitable for children ages 14 and under.,,9,22
90210,Parents strongly cautioned. May be unsuitable for children ages 14 and under.,,6.3,22
Gossip Girl,Parents strongly cautioned. May be unsuitable for children ages 14 and under.,,7.7,37
How I Met Your Mother,Parental guidance suggested. May not be suitable for all children.,,7,28
Glee,Parental guidance suggested. May not be suitable for all children.,,7,230
The Vampire Diaries,Parents strongly cautioned. May be unsuitable for children ages 14 and under.,,7,235
Family Guy,For mature audiences.  May not be suitable for children 17 and under.,,7.5,40
Criminal Minds,Parents strongly cautioned. May be unsuitable for children ages 14 and under.,,5.8,430
Friends,Parents strongly cautioned. May be unsuitable for children ages 14 and under.,,7.5,8892
Mean Girls 2,"For some rude and suggestive material, and for language.",,6.4,193
The Secret Life of the American Teenager,Parents strongly cautioned. May be unsuitable for children ages 14 and under.,,4.1,3087
That '70s Show,Parents strongly cautioned. May be unsuitable for children ages 14 and under.,,9,33
Gilmore Girls,Parents strongly cautioned. May be unsuitable for children ages 14 and under.,,9.5,14
Parenthood,Parents strongly cautioned. May be unsuitable for children ages 14 and under.,,6,49
Heartland,Parental guidance suggested. May not be suitable for all children.,,6,27
Pretty Little Liars,Parents strongly cautioned. May be unsuitable for children ages 14 and under.,,7.5,14
Shameless (U.S.),For mature audiences.  May not be suitable for children 17 and under.,,8.8,29
Switched at Birth,Parents strongly cautioned. May be unsuitable for children ages 14 and under.,,4,52
New Girl,Parents strongly cautioned. May be unsuitable for children ages 14 and under.,,7.9,19
Hart of Dixie,Parental guidance suggested. May not be suitable for all children.,,7.3,160
The Client List,Parents strongly cautioned. May be unsuitable for children ages 14 and under.,,5,29
The Carrie Diaries,Parents strongly cautioned. May be unsuitable for children ages 14 and under.,,7.5,11
Safe Haven,"thematic material involving threatening behavior, and for violence and sexuality",,8.8,35
Baby Daddy,Parents strongly cautioned. May be unsuitable for children ages 14 and under.,,6,278
The Night Shift,Parents strongly cautioned. May be unsuitable for children ages 14 and under.,,6.9,457
Reign,Parents strongly cautioned. May be unsuitable for children ages 14 and under.,,6.9,1832
Grace and Frankie,For mature audiences.  May not be suitable for children 17 and under.,,9.3,31
How to Get Away with Murder,Parents strongly cautioned. May be unsuitable for children ages 14 and under.,,8.6,51
Fuller House,Suitable for all ages.,,9.1,256
Finding Dory,mild thematic elements,,8.6,542
Gilmore Girls: A Year in the Life,Parents strongly cautioned. May be unsuitable for children ages 14 and under.,,8.7,254
13 Reasons Why,For mature audiences.  May not be suitable for children 17 and under.,,7.3,112
Gabriel lglesias: I‰Ûªm Sorry For What I Said When I Was Hungry,Parents strongly cautioned. May be unsuitable for children ages 14 and under.,,7.6,111
Amy Schumer: The Leather Special,,,9.3,13
Cheer Squad,,,9.3,6
Dave Chappelle,For mature audiences.  May not be suitable for children 17 and under.,,9.3,22
The Waterboy,language and some crude sexual humor,,7.6,187
Grease,Parental guidance suggested. May not be suitable for children.,,8.1,48
The Wedding Planner,language and some sexual humor,,9.5,6
Blow,"pervasive drug content and language, some violence and sexuality",,9,24
High School Musical,Suitable for all ages.,,6,134
High School Musical 2,Suitable for all ages.,,9.3,404
Twilight,some violence and one sexual scene,,9.3,205
Hannah Montana: The Movie,General Audiences. Suitable for all ages.,,7.5,21
The Office (U.S.),Parents strongly cautioned. May be unsuitable for children ages 14 and under.,,2.5,19
Bones,Parents strongly cautioned. May be unsuitable for children ages 14 and under.,,7.7,2
Law & Order: Special Victims Unit,Parents strongly cautioned. May be unsuitable for children ages 14 and under.,,9.4,5
Prison Break,Parents strongly cautioned. May be unsuitable for children ages 14 and under.,,5,4
Nurse Jackie,For mature audiences.  May not be suitable for children 17 and under.,,6.9,54
NCIS,Parents strongly cautioned. May be unsuitable for children ages 14 and under.,,8.6,14
Gossip Girl,Parents strongly cautioned. May be unsuitable for children ages 14 and under.,,6,13
How I Met Your Mother,Parental guidance suggested. May not be suitable for all children.,,8.5,24
Supernatural,Parents strongly cautioned. May be unsuitable for children ages 14 and under.,,8.3,10
Parks and Recreation,Parents strongly cautioned. May be unsuitable for children ages 14 and under.,,7,20
Glee,Parental guidance suggested. May not be suitable for all children.,,7.8,69
The Vampire Diaries,Parents strongly cautioned. May be unsuitable for children ages 14 and under.,,6.6,391
Criminal Minds,Parents strongly cautioned. May be unsuitable for children ages 14 and under.,,7.6,37
Friends,Parents strongly cautioned. May be unsuitable for children ages 14 and under.,,6,30
Mean Girls 2,"For some rude and suggestive material, and for language.",,6,9
The Secret Life of the American Teenager,Parents strongly cautioned. May be unsuitable for children ages 14 and under.,,6,23
One Tree Hill,Parents strongly cautioned. May be unsuitable for children ages 14 and under.,,5,16
Army Wives,Parents strongly cautioned. May be unsuitable for children ages 14 and under.,,5,136
Gilmore Girls,Parents strongly cautioned. May be unsuitable for children ages 14 and under.,,9.3,161
Private Practice,Parents strongly cautioned. May be unsuitable for children ages 14 and under.,,9.3,190
Parenthood,Parents strongly cautioned. May be unsuitable for children ages 14 and under.,,9.3,364
Pretty Little Liars,Parents strongly cautioned. May be unsuitable for children ages 14 and under.,,9.1,1
Shameless (U.S.),For mature audiences.  May not be suitable for children 17 and under.,,5.6,33
New Girl,Parents strongly cautioned. May be unsuitable for children ages 14 and under.,,7,2
Revenge,Parental guidance suggested. May not be suitable for all children.,,6.8,42
Scandal,Parents strongly cautioned. May be unsuitable for children ages 14 and under.,,7,65
Magic Mike,"pervasive sexual content, brief graphic nudity, language and some drug use",,5.3,156
Trouble with the Curve,Parents strongly cautioned. May be inappropriate for children under 13.,,6.9,79
Orange Is the New Black,For mature audiences.  May not be suitable for children 17 and under.,,6.9,16
Baby Daddy,Parents strongly cautioned. May be unsuitable for children ages 14 and under.,,8.9,19
The Night Shift,Parents strongly cautioned. May be unsuitable for children ages 14 and under.,,8,25
The Originals,Parents strongly cautioned. May be unsuitable for children ages 14 and under.,,8.5,238
Home,mild action and some rude humor,,7.5,10
How to Get Away with Murder,Parents strongly cautioned. May be unsuitable for children ages 14 and under.,,4.2,70
Zootopia,"some thematic elements, rude humor and action",,5.2,45
Finding Dory,mild thematic elements,,9.3,463
Sausage Party,"strong crude sexual content, pervasive language, and drug use",,9.3,307
Skin Wars,Parents strongly cautioned. May be unsuitable for children ages 14 and under.,,5,1057
Girlboss,,,7.5,3
13 Reasons Why,For mature audiences.  May not be suitable for children 17 and under.,,9,15
Felipe Neto: My Life Makes No Sense,,,8.3,4
Cheer Squad,,,9,18
Lost,Parents strongly cautioned. May be unsuitable for children ages 14 and under.,,5,99
Weeds,For mature audiences.  May not be suitable for children 17 and under.,,5,71
The Tudors,For mature audiences.  May not be suitable for children 17 and under.,,5,64
Grey's Anatomy,Parents strongly cautioned. May be unsuitable for children ages 14 and under.,,5,5
Lie to Me,Parents strongly cautioned. May be unsuitable for children ages 14 and under.,,8,43
Prison Break,Parents strongly cautioned. May be unsuitable for children ages 14 and under.,,9,14
Gossip Girl,Parents strongly cautioned. May be unsuitable for children ages 14 and under.,,3.8,61
Glee,Parental guidance suggested. May not be suitable for all children.,,3.8,8
The Vampire Diaries,Parents strongly cautioned. May be unsuitable for children ages 14 and under.,,6.8,60
The Secret Life of the American Teenager,Parents strongly cautioned. May be unsuitable for children ages 14 and under.,,8.2,104
Drop Dead Diva,Parental guidance suggested. May not be suitable for all children.,,9,7
Gilmore Girls,Parents strongly cautioned. May be unsuitable for children ages 14 and under.,,8.3,7
Charmed,Parental guidance suggested. May not be suitable for all children.,,8.3,9
White Collar,Parental guidance suggested. May not be suitable for all children.,,7,14
House of Cards,For mature audiences.  May not be suitable for children 17 and under.,,7.8,21
Pretty Little Liars,Parents strongly cautioned. May be unsuitable for children ages 14 and under.,,6,18
The Killing,Parents strongly cautioned. May be unsuitable for children ages 14 and under.,,8.3,61
Shameless (U.S.),For mature audiences.  May not be suitable for children 17 and under.,,9.1,0
Hart of Dixie,Parental guidance suggested. May not be suitable for all children.,,8.9,11
Once Upon a Time,Parental guidance suggested. May not be suitable for all children.,,5.9,33
Scandal,Parents strongly cautioned. May be unsuitable for children ages 14 and under.,,5.9,202
The Client List,Parents strongly cautioned. May be unsuitable for children ages 14 and under.,,8.3,431
Unconditional,some violent content and mature thematic elements,,6.8,106
Bates Motel,Parents strongly cautioned. May be unsuitable for children ages 14 and under.,,9.1,11
The Blacklist,Parents strongly cautioned. May be unsuitable for children ages 14 and under.,,9,281
The Fosters,Parents strongly cautioned. May be unsuitable for children ages 14 and under.,,9.5,10
Reign,Parents strongly cautioned. May be unsuitable for children ages 14 and under.,,9,8
The Originals,Parents strongly cautioned. May be unsuitable for children ages 14 and under.,,7,22
The 100,This movie has not been rated.,,8.5,9
Witches of East End,Parents strongly cautioned. May be unsuitable for children ages 14 and under.,,9.2,9
Bitten,For mature audiences.  May not be suitable for children 17 and under.,,8.8,78
London Has Fallen,strong violence and language throughout,,9.2,272
Marvel's Jessica Jones,For mature audiences.  May not be suitable for children 17 and under.,,8,13
Bloodline,For mature audiences.  May not be suitable for children 17 and under.,,7.4,197
Grace and Frankie,For mature audiences.  May not be suitable for children 17 and under.,,6.8,161
Velvet,Parents strongly cautioned. May be unsuitable for children ages 14 and under.,,7.5,246
How to Get Away with Murder,Parents strongly cautioned. May be unsuitable for children ages 14 and under.,,7.9,604
The Crown,For mature audiences.  May not be suitable for children 17 and under.,,7.2,304
Jane The Virgin,Parents strongly cautioned. May be unsuitable for children ages 14 and under.,,5,367
Kurt Seyit & Sura,Parents strongly cautioned. May be unsuitable for children ages 14 and under.,,3,202
The Returned,Parents strongly cautioned. May be unsuitable for children ages 14 and under.,,8.8,22
The Girl in the Book,For mature audiences.  May not be suitable for children 17 and under.,,3,18
Quantico,Parents strongly cautioned. May be unsuitable for children ages 14 and under.,,7.7,43
Life in Pieces,Parents strongly cautioned. May be unsuitable for children ages 14 and under.,,5.9,8
Ingobernable,,,7.7,10
Girlboss,,,7.3,24
13 Reasons Why,For mature audiences.  May not be suitable for children 17 and under.,,9.2,16
MerlÌ?,Parental guidance suggested. May not be suitable for all children.,,8,28
Greenleaf,Parents strongly cautioned. May be unsuitable for children ages 14 and under.,,9.1,152
100 Metros,For mature audiences.  May not be suitable for children 17 and under.,,9.5,53
Bones,Parents strongly cautioned. May be unsuitable for children ages 14 and under.,,5,31
Dexter,For mature audiences.  May not be suitable for children 17 and under.,,6,15
Leverage,Parental guidance suggested. May not be suitable for all children.,,3,4
Grey's Anatomy,Parents strongly cautioned. May be unsuitable for children ages 14 and under.,,6,71
Lie to Me,Parents strongly cautioned. May be unsuitable for children ages 14 and under.,,7,16
Prison Break,Parents strongly cautioned. May be unsuitable for children ages 14 and under.,,2,209
NCIS,Parents strongly cautioned. May be unsuitable for children ages 14 and under.,,6.5,247
Burn Notice,Parents strongly cautioned. May be unsuitable for children ages 14 and under.,,6,4
Breaking Bad,For mature audiences.  May not be suitable for children 17 and under.,,4,10
Criminal Minds,Parents strongly cautioned. May be unsuitable for children ages 14 and under.,,7.5,22
White Collar,Parental guidance suggested. May not be suitable for all children.,,8,3
Luther,Parents strongly cautioned. May be unsuitable for children ages 14 and under.,,5,1
Hawaii Five-0,"dialogue, language, sexual situations and violence",,7,158
House of Cards,For mature audiences.  May not be suitable for children 17 and under.,,6,59
Last Man Standing,Parental guidance suggested. May not be suitable for all children.,,5,22
Revenge,Parental guidance suggested. May not be suitable for all children.,,7,10
Person of Interest,Parents strongly cautioned. May be unsuitable for children ages 14 and under.,,8,10
Scandal,Parents strongly cautioned. May be unsuitable for children ages 14 and under.,,7,100
Touch,Parents strongly cautioned. May be unsuitable for children ages 14 and under.,,2,11
Sherlock,Parents strongly cautioned. May be unsuitable for children ages 14 and under.,,8,15
Breakout Kings,Parents strongly cautioned. May be unsuitable for children ages 14 and under.,,6,35
The Client List,Parents strongly cautioned. May be unsuitable for children ages 14 and under.,,7,7
Arrow,Parents strongly cautioned. May be unsuitable for children ages 14 and under.,,7.5,3
The Following,Parents strongly cautioned. May be unsuitable for children ages 14 and under.,,7,25
"Drugs, Inc.",Parents strongly cautioned. May be unsuitable for children ages 14 and under.,,6,92
Longmire,Parents strongly cautioned. May be unsuitable for children ages 14 and under.,,6,306
Ripper Street,For mature audiences.  May not be suitable for children 17 and under.,,4,0
The Fall,For mature audiences.  May not be suitable for children 17 and under.,,6,3
Death in Paradise,Parents strongly cautioned. May be unsuitable for children ages 14 and under.,,8,7
Marvel's Agents of S.H.I.E.L.D.,Parental guidance suggested. May not be suitable for all children.,,7,306
Crossing Lines,Parents strongly cautioned. May be unsuitable for children ages 14 and under.,,6,531
London Has Fallen,strong violence and language throughout,,7,31
Halt and Catch Fire,Parents strongly cautioned. May be unsuitable for children ages 14 and under.,,7,7
Marvel's Iron Fist,,,6,21
The Honorable Woman,For mature audiences.  May not be suitable for children 17 and under.,,8,20
Transporter: The Series,For mature audiences.  May not be suitable for children 17 and under.,,7,36
Gotham,Parents strongly cautioned. May be unsuitable for children ages 14 and under.,,7.5,6
Better Call Saul,For mature audiences.  May not be suitable for children 17 and under.,,3,155
How to Get Away with Murder,Parents strongly cautioned. May be unsuitable for children ages 14 and under.,,6,22
Narcos,For mature audiences.  May not be suitable for children 17 and under.,,1,40
American Odyssey,Parents strongly cautioned. May be unsuitable for children ages 14 and under.,,4,5
Aquarius,For mature audiences.  May not be suitable for children 17 and under.,,4,39
Hap and Leonard,,,7,40
Rosewood,Parents strongly cautioned. May be unsuitable for children ages 14 and under.,,9,130
Quantico,Parents strongly cautioned. May be unsuitable for children ages 14 and under.,,8,6
Limitless,Parents strongly cautioned. May be unsuitable for children ages 14 and under.,,8.7,13
Travelers,For mature audiences.  May not be suitable for children 17 and under.,,8,17
The Doctor Blake Mysteries,For mature audiences.  May not be suitable for children 17 and under.,,7,70
I.T,,,7,52
Bordertown,For mature audiences.  May not be suitable for children 17 and under.,,7,644
The Office (U.S.),Parents strongly cautioned. May be unsuitable for children ages 14 and under.,,8,26
Grey's Anatomy,Parents strongly cautioned. May be unsuitable for children ages 14 and under.,,2,5
Law & Order: Special Victims Unit,Parents strongly cautioned. May be unsuitable for children ages 14 and under.,,7,19
Lie to Me,Parents strongly cautioned. May be unsuitable for children ages 14 and under.,,7,21
Prison Break,Parents strongly cautioned. May be unsuitable for children ages 14 and under.,,5,77
90210,Parents strongly cautioned. May be unsuitable for children ages 14 and under.,,7,9
Gossip Girl,Parents strongly cautioned. May be unsuitable for children ages 14 and under.,,5,35
How I Met Your Mother,Parental guidance suggested. May not be suitable for all children.,,8,9
Parks and Recreation,Parents strongly cautioned. May be unsuitable for children ages 14 and under.,,4,14
The Vampire Diaries,Parents strongly cautioned. May be unsuitable for children ages 14 and under.,,5,13
Criminal Minds,Parents strongly cautioned. May be unsuitable for children ages 14 and under.,,5,14
Friends,Parents strongly cautioned. May be unsuitable for children ages 14 and under.,,7.5,56
The West Wing,Parents strongly cautioned. May be unsuitable for children ages 14 and under.,,2,10
Parenthood,Parents strongly cautioned. May be unsuitable for children ages 14 and under.,,8.7,3
White Collar,Parental guidance suggested. May not be suitable for all children.,,6.8,32
Blue Bloods,Parents strongly cautioned. May be unsuitable for children ages 14 and under.,,6,7
House of Cards,For mature audiences.  May not be suitable for children 17 and under.,,6,48
Pretty Little Liars,Parents strongly cautioned. May be unsuitable for children ages 14 and under.,,7,5
The Killing,Parents strongly cautioned. May be unsuitable for children ages 14 and under.,,3,29
Shameless (U.S.),For mature audiences.  May not be suitable for children 17 and under.,,7,10
New Girl,Parents strongly cautioned. May be unsuitable for children ages 14 and under.,,2,33
Revenge,Parental guidance suggested. May not be suitable for all children.,,8,18
Person of Interest,Parents strongly cautioned. May be unsuitable for children ages 14 and under.,,6.5,36
Once Upon a Time,Parental guidance suggested. May not be suitable for all children.,,7,15
Scandal,Parents strongly cautioned. May be unsuitable for children ages 14 and under.,,7,87
Forensic Files,Parents strongly cautioned. May be unsuitable for children ages 14 and under.,,6,50
Sherlock,Parents strongly cautioned. May be unsuitable for children ages 14 and under.,,5,6
The Client List,Parents strongly cautioned. May be unsuitable for children ages 14 and under.,,4,22
Orange Is the New Black,For mature audiences.  May not be suitable for children 17 and under.,,7,19
Rectify,Parents strongly cautioned. May be unsuitable for children ages 14 and under.,,5,21
Black Mirror,For mature audiences.  May not be suitable for children 17 and under.,,9,16
Bates Motel,Parents strongly cautioned. May be unsuitable for children ages 14 and under.,,6.5,55
The Fall,For mature audiences.  May not be suitable for children 17 and under.,,7.8,28
The Blacklist,Parents strongly cautioned. May be unsuitable for children ages 14 and under.,,4.1,12
Being Mary Jane: The Series,Parents strongly cautioned. May be unsuitable for children ages 14 and under.,,9.7,32
American Crime,Parents strongly cautioned. May be unsuitable for children ages 14 and under.,,5,34
Madam Secretary,Parents strongly cautioned. May be unsuitable for children ages 14 and under.,,4,16
Sense8,For mature audiences.  May not be suitable for children 17 and under.,,5,37
Scream,Parents strongly cautioned. May be unsuitable for children ages 14 and under.,,8.2,14
Rosewood,Parents strongly cautioned. May be unsuitable for children ages 14 and under.,,5,36
The Great British Baking Show,Parental guidance suggested. May not be suitable for all children.,,7.5,12
Quantico,Parents strongly cautioned. May be unsuitable for children ages 14 and under.,,7,25
Limitless,Parents strongly cautioned. May be unsuitable for children ages 14 and under.,,7,63
American Crime Story: The People v. O.J. Simpson,For mature audiences.  May not be suitable for children 17 and under.,,7,3954
Santa Clarita Diet,For mature audiences.  May not be suitable for children 17 and under.,,3,2100
No Tomorrow,Parents strongly cautioned. May be unsuitable for children ages 14 and under.,,7.5,286
Girlboss,,,1,17
13 Reasons Why,For mature audiences.  May not be suitable for children 17 and under.,,6,50
The Doctor Blake Mysteries,For mature audiences.  May not be suitable for children 17 and under.,,7,5
Greenleaf,Parents strongly cautioned. May be unsuitable for children ages 14 and under.,,2,13
The Nightmare Before Christmas,some scary images,,9,321
Scooby-Doo,"some rude humor, language and some scary action",,8,78
Chicken Little,General Audiences. Suitable for all ages.,,3,34
Teenage Mutant Ninja Turtles,"animated action violence, some scary cartoon images and mild language",,3,10
Star Wars: The Clone Wars,"sci-fi action violence throughout, brief language and momentary smoking",,6,8
Coraline,"thematic elements, scary images, some language and suggestive humor",,8,17
The Smurfs and the Magic Flute,General Audiences. Suitable for all ages.,,8,17
We're Back! A Dinosaur's Story,General Audiences. Suitable for all ages.,,5,12
Thomas & Friends: Thomas & the Runaway Kite,Suitable for all ages.,,2,11
Dino Squad,Suitable for children ages 7 and older,,9,9
Cars Toons: Mater's Tall Tales,Suitable for all ages.,,8.7,64
LeapFrog: The Amazing Alphabet Amusement Park,Suitable for all ages.,,7,13
Star Wars: The Clone Wars,Parental guidance suggested. May not be suitable for all children.,,6,81
Phineas and Ferb,Suitable for all ages.,,4,6
The Batman,Suitable for children ages 7 and older,,9.8,4
Justice League,Suitable for children ages 7 and older.  Content contains fantasy violence.,,7,1
Justice League Unlimited,Suitable for children ages 7 and older.  Content contains fantasy violence.,,8.5,38
Mighty Morphin Power Rangers,Suitable for children ages 7 and older.  Content contains fantasy violence.,,6,4
Young Justice,Parental guidance suggested. May not be suitable for all children.,,4,38
The Super Mario Bros. Super Show!,Suitable for children ages 7 and older,,6,39
Power Rangers Zeo,Suitable for children ages 7 and older.  Content contains fantasy violence.,,5,5
Oscar's Oasis,Suitable for all ages.,,5,87
Transformers Prime,Suitable for children ages 7 and older.  Content contains fantasy violence.,,7,197
The Adventures of Chuck & Friends,Suitable for all ages.,,8,49
Transformers: Rescue Bots,Suitable for children ages 7 and older,,7,13
Thomas & Friends: King of the Railway,Suitable for all ages.,,8.1,130
LEGO: Marvel Super Heroes: Maximum Overload,Suitable for children ages 7 and older.  Content contains fantasy violence.,,7,32
Max Steel,Suitable for children ages 7 and older.  Content contains fantasy violence.,,6,8
Transformers Prime Beast Hunters: Predacons Rising,Suitable for children ages 7 and older.  Content contains fantasy violence.,,6,8
Agent F.O.X.,Parental guidance suggested. May not be suitable for children.,,7,1556
VeggieTales in the House,Suitable for all ages.,,8,47
Thunder and the House Of Magic,Suitable for all ages.,,7,9
All Hail King Julien,Suitable for children ages 7 and older.  Content contains fantasy violence.,,7,1
Kong: King of the Apes,Suitable for children ages 7 and older.  Content contains fantasy violence.,,2,36
Marvel Super Hero Adventures: Frost Fight!,fantasy action,,6,13
Slugterra: Slug Fu Showdown,Suitable for children ages 7 and older.  Content contains fantasy violence.,,4,1
Dinotrux,Suitable for children ages 7 and older.  Content contains fantasy violence.,,7.2,5
Edgar Rice Burroughs' Tarzan and Jane,Suitable for children ages 7 and older.  Content contains fantasy violence.,,8.5,14
Lego DC Comics: Batman Be-Leaguered,Suitable for children ages 7 and older,,6,23
Trollhunters,Suitable for children ages 7 and older.  Content contains fantasy violence.,,7.4,89
Power Rangers Dino Charge,Suitable for children ages 7 and older,,8,133
Bunks,Parental guidance suggested. May not be suitable for all children.,,9,1303
The Jungle Book,for some sequences of scary action and peril,,5.4,112
The Angry Birds Movie,for rude humor and action,,9,19
The Secret Life of Pets,for action and some rude humor,,6,197
The Furchester Hotel,Suitable for all ages.,,8,0
Marvel's Hulk: Where Monsters Dwell,"action violence throughout, some scary images, and language",,6,1
Angry Birds,Suitable for all ages.,,7,18
Talking Tom and Friends,Suitable for all ages.,,8,2
Nexo Knights,Suitable for children ages 7 and older.  Content contains fantasy violence.,,8,2
The Nightmare Before Christmas,some scary images,,7,38
An Extremely Goofy Movie,General Audiences. Suitable for all ages.,,6,38
Scooby-Doo,"some rude humor, language and some scary action",,6.5,12
The Iron Giant,fantasy action and mild language,,6,14
Star Wars: The Clone Wars,"sci-fi action violence throughout, brief language and momentary smoking",,5,18
Cars Toons: Mater's Tall Tales,Suitable for all ages.,,5,3
The Batman,Suitable for children ages 7 and older,,8,1
Justice League,Suitable for children ages 7 and older.  Content contains fantasy violence.,,5,187
Justice League Unlimited,Suitable for children ages 7 and older.  Content contains fantasy violence.,,7,867
The Cat in the Hat Knows a Lot About That!,Suitable for all ages.,,8,8
Mighty Morphin Power Rangers,Suitable for children ages 7 and older.  Content contains fantasy violence.,,3,11
Bob the Builder,Suitable for all ages.,,8,3
Beyblade: Metal Fusion,Suitable for children ages 7 and older,,7,17
Ninja Turtles: The Next Mutation,Suitable for children ages 7 and older.  Content contains fantasy violence.,,7.3,17
Transformers Prime,Suitable for children ages 7 and older.  Content contains fantasy violence.,,7.8,25
DreamWorks Kung Fu Panda Awesome Secrets,Parental guidance suggested. May not be suitable for all children.,,8,39
LEGO Ninjago: Masters of Spinjitzu,Suitable for children ages 7 and older.  Content contains fantasy violence.,,4.2,471
Transformers: Rescue Bots,Suitable for children ages 7 and older,,8,102
Goosebumps,Suitable for children ages 7 and older,,6,306
LEGO Ninjago: Masters of Spinjitzu: Way of the Ninja,Suitable for children ages 7 and older.  Content contains fantasy violence.,,6,338
Super Buddies,General Audiences. Suitable for all ages.,,9,11
Tad: The Lost Explorer,Parental guidance suggested. May not be suitable for all children.,,8,286
PokÌ©mon: Indigo League,Suitable for all ages.,,9,33
Ratchet and Clank,action and some rude humor,,8.6,74
Pac-Man and the Ghostly Adventures,Suitable for children ages 7 and older,,1,686
Iron Man & Captain America: Heroes United,"action and violence throughout, and mild language",,5,77
Power Rangers Super Megaforce,Suitable for children ages 7 and older,,9.3,24
Chuggington,Suitable for all ages.,,6.6,16
All Hail King Julien,Suitable for children ages 7 and older.  Content contains fantasy violence.,,7,150
The Adventures of Puss in Boots,Suitable for children ages 7 and older.  Content contains fantasy violence.,,9,123
Kong: King of the Apes,Suitable for children ages 7 and older.  Content contains fantasy violence.,,8.5,44
Marvel Super Hero Adventures: Frost Fight!,fantasy action,,4,19
Some Assembly Required,Suitable for all ages.,,7.5,45
Dinotrux,Suitable for children ages 7 and older.  Content contains fantasy violence.,,6,255
Edgar Rice Burroughs' Tarzan and Jane,Suitable for children ages 7 and older.  Content contains fantasy violence.,,4,122
Kulipari: An Army of Frogs,Suitable for children ages 7 and older.  Content contains fantasy violence.,,9.2,25
Transformers: Robots in Disguise,Suitable for children ages 7 and older,,8.3,40
Robocar Poli,Suitable for all ages.,,6,275
LEGO Bionicle: The Journey to One,Suitable for children ages 7 and older.  Content contains fantasy violence.,,6.5,802
Lego DC Comics: Batman Be-Leaguered,Suitable for children ages 7 and older,,7.1,33
Voltron: Legendary Defender,Suitable for children ages 7 and older.  Content contains fantasy violence.,,6.5,3
Trollhunters,Suitable for children ages 7 and older.  Content contains fantasy violence.,,3,74
Buddy Thunderstruck,Parental guidance suggested. May not be suitable for all children.,,6,3
Power Rangers Dino Charge,Suitable for children ages 7 and older,,7.5,6
PokÌ©mon: XY,Suitable for children ages 7 and older.  Content contains fantasy violence.,,7.7,156
Power Rangers Dino Super Charge,Suitable for children ages 7 and older,,3,5
The Deep,Suitable for children ages 7 and older,,5,5
Skylanders Academy,Suitable for children ages 7 and older,,8.7,3
Marvel's Hulk: Where Monsters Dwell,"action violence throughout, some scary images, and language",,7,298
Growing Up Wild,,,9,126
The Little Rascals,some rude dialogue,,3,53
Flubber,slapstick action and mild language,,8,4
Tarzan,General Audiences. Suitable for all ages.,,7,8
The Emperor's New Groove,General Audiences. Suitable for all ages.,,4,5
Scooby-Doo,"some rude humor, language and some scary action",,5,109
Lilo & Stitch,mild sci-fi action,,4.3,1
Scooby-Doo 2: Monsters Unleashed,"some scary action, rude humor and language",,6,16
The Three Musketeers,General Audiences. Suitable for all ages.,,7,6
Mickey's Twice Upon a Christmas,General Audiences. Suitable for all ages.,,4,50
The Pacifier,"action violence, language and rude humor",,5,54
Chicken Little,General Audiences. Suitable for all ages.,,7.5,16
Teenage Mutant Ninja Turtles,"animated action violence, some scary cartoon images and mild language",,5,11
Bee Movie,mild suggestive humor,,4,27
Kung Fu Panda,sequences of martial arts action,,6,2
Coraline,"thematic elements, scary images, some language and suggestive humor",,8,94
Cars Toons: Mater's Tall Tales,Suitable for all ages.,,7,9
Phineas and Ferb,Suitable for all ages.,,8.7,42
Super Why!,Suitable for all ages.,,5,20
Jessie,Suitable for all ages.,,6,8
Disney Animation Collection: Vol. 1: Mickey and the Beanstalk,Suitable for all ages.,,9.2,16
Lab Rats,Suitable for children ages 7 and older,,6,12
Masha and the Bear,Suitable for all ages.,,7,50
Pocoyo,Suitable for all ages.,,6,34
Home,mild action and some rude humor,,5,114
Chuggington,Suitable for all ages.,,5,5398
Octonauts,Suitable for all ages.,,7,2
Dragons: Race to the Edge,Suitable for children ages 7 and older.  Content contains fantasy violence.,,7,11
Mother Goose Club,Suitable for all ages.,,5,13
Little Einsteins,Suitable for all ages.,,8.8,17
Hotel Transylvania 2,"some scary images, action and rude humor",,9.7,43
Dawn of the Croods,Suitable for children ages 7 and older,,9,48
Dinotrux,Suitable for children ages 7 and older.  Content contains fantasy violence.,,7,11
Goosebumps,"scary and intense creature action and images, and for some rude humor",,5,52
Kung Fu Panda 3,martial arts action and some mild rude humor,,8,13
Zootopia,"some thematic elements, rude humor and action",,6,21
The Jungle Book,for some sequences of scary action and peril,,8,34
Home: Adventures with Tip & Oh,Suitable for children ages 7 and older,,7,139
Open Season: Scared Silly,rude humor and some action,,4,17
The Land Before Time XIV: Journey of the Brave,General Audiences. Suitable for all ages.,,5,155
The Angry Birds Movie,for rude humor and action,,8,282
Alice Through the Looking Glass,fantasy action/peril and some language,,8,4
Finding Dory,mild thematic elements,,7,18
The Secret Life of Pets,for action and some rude humor,,7.2,51
Ask the StoryBots,Suitable for all ages.,,8,41
The Furchester Hotel,Suitable for all ages.,,5,8
Goldie & Bear,Suitable for all ages.,,8,3
Little Baby Bum: Nursery Rhyme Friends,Suitable for all ages.,,6,20
Angry Birds,Suitable for all ages.,,7.6,49
Tayo the Little Bus,Suitable for all ages.,,8,62
Talking Tom and Friends,Suitable for all ages.,,8,10
The Little Rascals,some rude dialogue,,8,10
Antz,moderate adult language and intense action,,6,5
Tarzan,General Audiences. Suitable for all ages.,,6,627
An Extremely Goofy Movie,General Audiences. Suitable for all ages.,,5,4074
Chicken Run,General Audiences. Suitable for all ages.,,5.4,152
The Emperor's New Groove,General Audiences. Suitable for all ages.,,6,129
Lilo & Stitch,mild sci-fi action,,6,15
Spy Kids 3: Game Over,action sequences and peril,,7,126
Annie,adult content and mld violence,,7.8,69
Mulan 2,General Audiences. Suitable for all ages.,,4.1,21
Chicken Little,General Audiences. Suitable for all ages.,,7.8,64
Lilo & Stitch 2: Stitch Has A Glitch,some mild action,,8.6,6
Teenage Mutant Ninja Turtles,"animated action violence, some scary cartoon images and mild language",,5,268
Bee Movie,mild suggestive humor,,2,1181
Kung Fu Panda,sequences of martial arts action,,5,870
Cars Toons: Mater's Tall Tales,Suitable for all ages.,,4.9,22
Super Why!,Suitable for all ages.,,7,25
DreamWorks Shrek's Swamp Stories,Parental guidance suggested. May not be suitable for all children.,,8.9,53
Beverly Hills Chihuahua 3: Viva La Fiesta!,General Audiences. Suitable for all ages.,,3,11
DreamWorks Spooky Stories: Volume 2,Parental guidance suggested. May not be suitable for all children.,,7,20
The Magic School Bus,Suitable for all ages.,,8,21
Goosebumps,Suitable for children ages 7 and older,,6,32
Sammy 2,Parental guidance suggested. May not be suitable for all children.,,8.5,53
Disney Animation Collection: Vol. 1: Mickey and the Beanstalk,Suitable for all ages.,,9.3,14
Masha and the Bear,Suitable for all ages.,,2,58
Pocoyo,Suitable for all ages.,,7.5,447
Sofia the First,Suitable for all ages.,,3.8,113
Barbie Life in the Dreamhouse,Suitable for all ages.,,6.5,1
Paddington,mild action and rude humor,,4,0
Larva,Suitable for all ages.,,7.5,34
Sid the Science Kid,Suitable for all ages.,,8,11
Chuggington,Suitable for all ages.,,8,19
All Hail King Julien,Suitable for children ages 7 and older.  Content contains fantasy violence.,,6,12
Octonauts,Suitable for all ages.,,4,6
Minions,action and rude humor,,7,41
Dragons: Race to the Edge,Suitable for children ages 7 and older.  Content contains fantasy violence.,,7,179
Little Einsteins,Suitable for all ages.,,6.4,11
Hotel Transylvania 2,"some scary images, action and rude humor",,7.5,37
Dinotrux,Suitable for children ages 7 and older.  Content contains fantasy violence.,,3.7,34
The Little Prince,mild thematic elements,,6.3,232
Word Party,Suitable for all ages.,,7.5,65
Zootopia,"some thematic elements, rude humor and action",,2,10
The Jungle Book,for some sequences of scary action and peril,,3,21
Home: Adventures with Tip & Oh,Suitable for children ages 7 and older,,6.4,3640
Open Season: Scared Silly,rude humor and some action,,3,853
The Angry Birds Movie,for rude humor and action,,7,345
Finding Dory,mild thematic elements,,3,53
The Secret Life of Pets,for action and some rude humor,,8,9
Goldie & Bear,Suitable for all ages.,,3.7,58
Talking Tom and Friends,Suitable for all ages.,,7.5,15
Cool Runnings,Parental guidance suggested. May not be suitable for children.,,6,22
Homeward Bound: The Incredible Journey,General Audiences. Suitable for all ages.,,8.7,22
The Little Rascals,some rude dialogue,,7.5,30
Anastasia,General Audiences. Suitable for all ages.,,8.5,25
Tarzan,General Audiences. Suitable for all ages.,,5,20
The Emperor's New Groove,General Audiences. Suitable for all ages.,,6,13
Scooby-Doo,"some rude humor, language and some scary action",,7,35
Lilo & Stitch,mild sci-fi action,,2,22
Missione Hamburger,"language, some comic violence and mild sex-related humor",,8,116
Chicken Little,General Audiences. Suitable for all ages.,,7,40
Curious George,General Audiences. Suitable for all ages.,,8,55
Bee Movie,mild suggestive humor,,7,12
Kung Fu Panda,sequences of martial arts action,,5.5,26
Coraline,"thematic elements, scary images, some language and suggestive humor",,4,99
Cars Toons: Mater's Tall Tales,Suitable for all ages.,,6,25
Super Why!,Suitable for all ages.,,6,61
Jessie,Suitable for all ages.,,8,4
Secret of the Wings,General Audiences. Suitable for all ages.,,5,27
The Magic School Bus,Suitable for all ages.,,8.3,20
Sammy 2,Parental guidance suggested. May not be suitable for all children.,,7.8,1371
Masha and the Bear,Suitable for all ages.,,4.7,2663
Sofia the First,Suitable for all ages.,,4.2,86
Barbie Life in the Dreamhouse,Suitable for all ages.,,6,10
Clifford the Big Red Dog,Suitable for all ages.,,3,62
Home,mild action and some rude humor,,8,660
Paddington,mild action and rude humor,,8,23
Chuggington,Suitable for all ages.,,7,20
Octonauts,Suitable for all ages.,,7,200
Minions,action and rude humor,,7,12
Dragons: Race to the Edge,Suitable for children ages 7 and older.  Content contains fantasy violence.,,6.5,31
Little Einsteins,Suitable for all ages.,,9.5,7
Hotel Transylvania 2,"some scary images, action and rude humor",,9,28
Dinotrux,Suitable for children ages 7 and older.  Content contains fantasy violence.,,4.5,5
Walt Disney Animation Studios Short Films Collection,Suitable for all ages.,,5,101
Kung Fu Panda 3,martial arts action and some mild rude humor,,7,3188
Bunk'd,Suitable for all ages.,,7.6,49
Zootopia,"some thematic elements, rude humor and action",,4,19
The Jungle Book,for some sequences of scary action and peril,,5,35
Open Season: Scared Silly,rude humor and some action,,8,684
The Land Before Time XIV: Journey of the Brave,General Audiences. Suitable for all ages.,,7,1102
The Angry Birds Movie,for rude humor and action,,6,39
Alice Through the Looking Glass,fantasy action/peril and some language,,8,9
The BFG,"for action/peril, some scary moments and brief rude humor",,8.4,3
The Secret Life of Pets,for action and some rude humor,,8,29
Pete's Dragon,"for action, peril and brief language",,5.5,20
Kubo and the Two Strings,"thematic elements, scary images, action and peril",,7,23
Goldie & Bear,Suitable for all ages.,,4,32
Little Baby Bum: Nursery Rhyme Friends,Suitable for all ages.,,6,20
Growing Up Wild,,,7.1,22
The Real Ghostbusters,Suitable for children ages 7 and older,,8.4,19
Cool Runnings,Parental guidance suggested. May not be suitable for children.,,8.8,87
Anastasia,General Audiences. Suitable for all ages.,,7,230
Antz,moderate adult language and intense action,,8,132
Babe: Pig in the City,General Audiences. Suitable for all ages.,,7,303
The Prince of Egypt,intense scenes dealing with strong content,,7,273
Paulie,Parental guidance suggested. May not be suitable for children.,,8,632
Tarzan,General Audiences. Suitable for all ages.,,3.5,997
The Road to El Dorado,mild thematic material and language,,3.5,20
Fantasia 2000,General Audiences. Suitable for all ages.,,7.9,19
Pocahontas II: Journey to a New World,Suitable for all ages.,,7.8,9
The Emperor's New Groove,General Audiences. Suitable for all ages.,,8.5,19
Fantasia,General Audiences. Suitable for all ages.,,3,14
An American Tail,General Audiences. Suitable for all ages.,,6,4
Pooh's Grand Adventure: The Search for Christopher Robin,General Audiences. Suitable for all ages.,,9.3,20
FernGully 2: The Magical Rescue,General Audiences. Suitable for all ages.,,7,146
Balto 2: Wolf Quest,General Audiences. Suitable for all ages.,,7,24
Balto,General Audiences. Suitable for all ages.,,2.3,8
Back to the Secret Garden,General Audiences. Suitable for all ages.,,5,7
The Brave Little Toaster Goes to Mars,General Audiences. Suitable for all ages.,,8.7,20
The Brave Little Toaster to the Rescue,General Audiences. Suitable for all ages.,,6,21
An American Tail: The Mystery of the Night Monster,General Audiences. Suitable for all ages.,,1,22
An American Tail: Fievel Goes West,General Audiences. Suitable for all ages.,,8.5,35
The Last Unicorn,General Audiences. Suitable for all ages.,,8,34
The Iron Giant,fantasy action and mild language,,8,64
Brother Bear 2,General Audiences. Suitable for all ages.,,4,51
The Fox and the Hound 2,General Audiences. Suitable for all ages.,,4,241
The Smurfs and the Magic Flute,General Audiences. Suitable for all ages.,,3,79
Jetsons: The Movie,General Audiences. Suitable for all ages.,,9,1624
We're Back! A Dinosaur's Story,General Audiences. Suitable for all ages.,,9,84
A Monster in Paris,"some action violence involving gunplay, and mild rude humor",,6.2,533
The Gruffalo,Suitable for all ages.,,8,183
DreamWorks How to Train Your Dragon Legends,Parental guidance suggested. May not be suitable for all children.,,9,210
Ernest & Celestine,some scary moments,,3.5,1454
The Magic School Bus,Suitable for all ages.,,7,109
Animaniacs,Suitable for children ages 7 and older,,7,27
Disney Animation Collection: Vol. 4: The Tortoise and the Hare,Suitable for all ages.,,8.9,3
PopPixie,Suitable for all ages.,,7,4
Jack and the Cuckoo-Clock Heart,"scary images, suggestive material, some language and smoking",,7.4,3
The Pirate Fairy,General Audiences. Suitable for all ages.,,5.8,1
Axel: The Biggest Little Hero,"some scary images, perilous action sequences and mild rude humor",,8.5,5
The Adventures of Figaro Pho,Suitable for children ages 7 and older,,6.9,61
The Boxcar Children,General Audiences. Suitable for all ages.,,7.2,63
Pet Pals in Windland,Suitable for all ages.,,7.7,13
Walt Disney Animation Studios Short Films Collection,Suitable for all ages.,,7,14
Alpha and Omega: Dino Digs,Suitable for all ages.,,6.5,10
Alice Through the Looking Glass,fantasy action/peril and some language,,5,5
Quackerz,"rude and suggestive humor, and some action",,9,62
Hatched,Suitable for children ages 7 and older,,5,115
Blinky Bill: The Movie,some rude humor,,8,143
The Real Ghostbusters,Suitable for children ages 7 and older,,6,164
Flubber,slapstick action and mild language,,5,28
Anastasia,General Audiences. Suitable for all ages.,,8.4,60
An Extremely Goofy Movie,General Audiences. Suitable for all ages.,,8,54
An American Tail,General Audiences. Suitable for all ages.,,6,444
Scooby-Doo,"some rude humor, language and some scary action",,5.9,86
FernGully: The Last Rainforest,General Audiences. Suitable for all ages.,,5,266
Balto 2: Wolf Quest,General Audiences. Suitable for all ages.,,8,141
Balto,General Audiences. Suitable for all ages.,,8,5
The Lizzie McGuire Movie,mild thematic elements,,7.7,1
The Brave Little Toaster Goes to Mars,General Audiences. Suitable for all ages.,,8.2,3
The Brave Little Toaster to the Rescue,General Audiences. Suitable for all ages.,,8,3
Recess: Taking the Fifth Grade,General Audiences. Suitable for all ages.,,5.2,0
An American Tail: The Mystery of the Night Monster,General Audiences. Suitable for all ages.,,6.5,1
An American Tail: Fievel Goes West,General Audiences. Suitable for all ages.,,6.4,31
The Iron Giant,fantasy action and mild language,,8.8,11
The Very Hungry Caterpillar and Other Stories,Suitable for all ages.,,7.5,208
The Hero of Color City,General Audiences. Suitable for all ages.,,8,588
Dino Squad,Suitable for children ages 7 and older,,7.8,30
The Little Engine That Could,General Audiences. Suitable for all ages.,,7.6,50
Delhi Safari,"violence and menacing action, rude humor, suggestive content and thematic elements",,7,89
Ninja Turtles: The Next Mutation,Suitable for children ages 7 and older.  Content contains fantasy violence.,,7,6
Pound Puppies,Suitable for all ages.,,5,33
Sammy 2,Parental guidance suggested. May not be suitable for all children.,,8,6
Monster Math Squad,Suitable for all ages.,,8,67
Care Bears: Welcome to Care-a-Lot,Suitable for all ages.,,5,20
Clifford the Big Red Dog,Suitable for all ages.,,7,21
Clifford's Puppy Days,Suitable for all ages.,,5,6
Axel: The Biggest Little Hero,"some scary images, perilous action sequences and mild rude humor",,5,26
Agent F.O.X.,Parental guidance suggested. May not be suitable for children.,,6,116
Dinosaur King,Suitable for children ages 7 and older.  Content contains fantasy violence.,,4,6
Ribbit,some peril,,6,57
Chuggington,Suitable for all ages.,,4,106
Rooster Doodle-doo,Suitable for all ages.,,8,17
Octonauts,Suitable for all ages.,,8.3,4
Kong: King of the Apes,Suitable for children ages 7 and older.  Content contains fantasy violence.,,6.6,6
My Animal Friends,Suitable for all ages.,,8,16
Worms,Parental guidance suggested. May not be suitable for children.,,5,15
Puffin Rock,Suitable for all ages.,,6,2
Little Einsteins,Suitable for all ages.,,8,92
Hotel Transylvania 2,"some scary images, action and rude humor",,6,71
Dinotrux,Suitable for children ages 7 and older.  Content contains fantasy violence.,,5,0
The Mr. Peabody and Sherman Show,Suitable for children ages 7 and older,,2.5,13
Zoobabu,Suitable for all ages.,,9.6,67
Alpha and Omega: Dino Digs,Suitable for all ages.,,8.8,142
Gon,Suitable for all ages.,,8,165
Sid the Science Kid: The Movie,Suitable for all ages.,,5,2
The Land Before Time XIV: Journey of the Brave,General Audiences. Suitable for all ages.,,8,139
The Secret Life of Pets,for action and some rude humor,,5.6,46
LEGO Jurassic World: The Indominus Escape,Suitable for children ages 7 and older,,1,1724
The Real Ghostbusters,Suitable for children ages 7 and older,,5.3,3
Cool Runnings,Parental guidance suggested. May not be suitable for children.,,8.3,8
Anastasia,General Audiences. Suitable for all ages.,,3.7,95
Antz,moderate adult language and intense action,,8.4,5
Babe: Pig in the City,General Audiences. Suitable for all ages.,,7.4,12
The Prince of Egypt,intense scenes dealing with strong content,,7.8,11
Paulie,Parental guidance suggested. May not be suitable for children.,,2.9,90
Tarzan,General Audiences. Suitable for all ages.,,7,20
The Road to El Dorado,mild thematic material and language,,5,33
Fantasia 2000,General Audiences. Suitable for all ages.,,7,49
Pocahontas II: Journey to a New World,Suitable for all ages.,,5,9
The Emperor's New Groove,General Audiences. Suitable for all ages.,,9.4,33
Fantasia,General Audiences. Suitable for all ages.,,7.5,145
An American Tail,General Audiences. Suitable for all ages.,,7.8,16
Pooh's Grand Adventure: The Search for Christopher Robin,General Audiences. Suitable for all ages.,,6.5,20
FernGully 2: The Magical Rescue,General Audiences. Suitable for all ages.,,3,41
Balto 2: Wolf Quest,General Audiences. Suitable for all ages.,,7.7,23
Balto,General Audiences. Suitable for all ages.,,9.8,12
Back to the Secret Garden,General Audiences. Suitable for all ages.,,7,29
The Brave Little Toaster Goes to Mars,General Audiences. Suitable for all ages.,,8.5,27
The Brave Little Toaster to the Rescue,General Audiences. Suitable for all ages.,,7,45
An American Tail: The Mystery of the Night Monster,General Audiences. Suitable for all ages.,,9.5,31
An American Tail: Fievel Goes West,General Audiences. Suitable for all ages.,,3.2,35
The Last Unicorn,General Audiences. Suitable for all ages.,,3.9,55
The Iron Giant,fantasy action and mild language,,9.1,21
Brother Bear 2,General Audiences. Suitable for all ages.,,9.4,104
The Fox and the Hound 2,General Audiences. Suitable for all ages.,,7,60
The Smurfs and the Magic Flute,General Audiences. Suitable for all ages.,,5.7,41
Jetsons: The Movie,General Audiences. Suitable for all ages.,,7,36
We're Back! A Dinosaur's Story,General Audiences. Suitable for all ages.,,4.7,91
A Monster in Paris,"some action violence involving gunplay, and mild rude humor",,6,37
The Gruffalo,Suitable for all ages.,,8.5,319
DreamWorks How to Train Your Dragon Legends,Parental guidance suggested. May not be suitable for all children.,,6.8,99
Ernest & Celestine,some scary moments,,7,64
The Magic School Bus,Suitable for all ages.,,7,164
Animaniacs,Suitable for children ages 7 and older,,4,140
Disney Animation Collection: Vol. 4: The Tortoise and the Hare,Suitable for all ages.,,4,197
PopPixie,Suitable for all ages.,,4.5,84
Jack and the Cuckoo-Clock Heart,"scary images, suggestive material, some language and smoking",,6,11
The Pirate Fairy,General Audiences. Suitable for all ages.,,4.7,0
Axel: The Biggest Little Hero,"some scary images, perilous action sequences and mild rude humor",,8.5,378
The Adventures of Figaro Pho,Suitable for children ages 7 and older,,0.7,3968
The Boxcar Children,General Audiences. Suitable for all ages.,,7,7
Pet Pals in Windland,Suitable for all ages.,,8,408
Walt Disney Animation Studios Short Films Collection,Suitable for all ages.,,9,494
Alpha and Omega: Dino Digs,Suitable for all ages.,,9.1,6
Alice Through the Looking Glass,fantasy action/peril and some language,,7.8,4
Quackerz,"rude and suggestive humor, and some action",,7.5,0
Hatched,Suitable for children ages 7 and older,,7,54
Blinky Bill: The Movie,some rude humor,,5,0
The Real Ghostbusters,Suitable for children ages 7 and older,,8,1
Cool Runnings,Parental guidance suggested. May not be suitable for children.,,5.9,288
Homeward Bound: The Incredible Journey,General Audiences. Suitable for all ages.,,6.9,22
Anastasia,General Audiences. Suitable for all ages.,,8,1142
Antz,moderate adult language and intense action,,9,2
Babe: Pig in the City,General Audiences. Suitable for all ages.,,9.4,54
The Road to El Dorado,mild thematic material and language,,7,74
Fantasia 2000,General Audiences. Suitable for all ages.,,7.8,2
Fantasia,General Audiences. Suitable for all ages.,,6,14
Harry and the Hendersons,Parental guidance suggested. May not be suitable for children.,,5,50
Pooh's Grand Adventure: The Search for Christopher Robin,General Audiences. Suitable for all ages.,,8,22
Cats & Dogs,animal action and humor,,7,38
Atlantis: The Lost Empire,action violence,,7.2,18
FernGully: The Last Rainforest,General Audiences. Suitable for all ages.,,7,45
Balto 2: Wolf Quest,General Audiences. Suitable for all ages.,,3,6
Balto,General Audiences. Suitable for all ages.,,9,29
Back to the Secret Garden,General Audiences. Suitable for all ages.,,8.2,37
Tarzan & Jane,General Audiences. Suitable for all ages.,,6,37
Atlantis: Milo's Return,General Audiences. Suitable for all ages.,,9,9
The Brave Little Toaster Goes to Mars,General Audiences. Suitable for all ages.,,9,50
The Brave Little Toaster to the Rescue,General Audiences. Suitable for all ages.,,5.8,8
Annie,adult content and mld violence,,8.9,7
Recess: Taking the Fifth Grade,General Audiences. Suitable for all ages.,,8,124
An American Tail: The Mystery of the Night Monster,General Audiences. Suitable for all ages.,,8,53
Batched,General Audiences. Suitable for all ages.,,9.5,38
An American Tail: Fievel Goes West,General Audiences. Suitable for all ages.,,5.5,6
Winnie the Pooh: Springtime with Roo,General Audiences. Suitable for all ages.,,8.8,156
The Last Unicorn,General Audiences. Suitable for all ages.,,7.3,4
The Iron Giant,fantasy action and mild language,,6.8,7
Mulan 2,General Audiences. Suitable for all ages.,,7,0
Pooh's Heffalump Movie,General Audiences. Suitable for all ages.,,6.5,24
Kronk's New Groove,General Audiences. Suitable for all ages.,,8.7,13
Corpse Bride,"some scary images and action, and brief mild language",,6.5,4
Brother Bear 2,General Audiences. Suitable for all ages.,,6.1,29
The Smurfs and the Magic Flute,General Audiences. Suitable for all ages.,,7.5,5
Jetsons: The Movie,General Audiences. Suitable for all ages.,,5,10
We're Back! A Dinosaur's Story,General Audiences. Suitable for all ages.,,8,122
Ernest & Celestine,some scary moments,,8.2,31
Animaniacs,Suitable for children ages 7 and older,,6.2,99
Disney Animation Collection: Vol. 1: Mickey and the Beanstalk,Suitable for all ages.,,7.5,170
Disney Animation Collection: Vol. 2: Three Little Pigs,Suitable for all ages.,,8.5,133
Disney Animation Collection: Vol. 4: The Tortoise and the Hare,Suitable for all ages.,,5.8,111
The Pirate Fairy,General Audiences. Suitable for all ages.,,8.4,467
Underdogs,Parental guidance suggested. May not be suitable for children.,,8.5,21
The Boxcar Children,General Audiences. Suitable for all ages.,,7.8,38
Ribbit,some peril,,7,82
Yellowbird,Parental guidance suggested. May not be suitable for children.,,8.2,542
Octonauts,Suitable for all ages.,,7.2,5
The Land Before Time XIV: Journey of the Brave,General Audiences. Suitable for all ages.,,7.9,52
Quackerz,"rude and suggestive humor, and some action",,6.5,0
Growing Up Wild,,,7.8,45
Cool Runnings,Parental guidance suggested. May not be suitable for children.,,8.5,173
Mr. Magoo,mild language and action sequences,,6.9,1720
Flubber,slapstick action and mild language,,7,56
Anastasia,General Audiences. Suitable for all ages.,,9,9
Antz,moderate adult language and intense action,,6.8,49
Babe: Pig in the City,General Audiences. Suitable for all ages.,,5,12
Paulie,Parental guidance suggested. May not be suitable for children.,,6.1,37
The Road to El Dorado,mild thematic material and language,,4.3,20
Air Bud: World Pup,General Audiences. Suitable for all ages.,,8.5,102
An American Tail,General Audiences. Suitable for all ages.,,8.2,12
Harry and the Hendersons,Parental guidance suggested. May not be suitable for children.,,8.8,6
Cats & Dogs,animal action and humor,,7.1,59
Baby's Day Out,mild language and comic action,,6.7,974
Balto 2: Wolf Quest,General Audiences. Suitable for all ages.,,7,197
Balto,General Audiences. Suitable for all ages.,,2,69
Back to the Secret Garden,General Audiences. Suitable for all ages.,,5.8,383
Blank Check,Parental guidance suggested. May not be suitable for children.,,8.9,93
Heavyweights,some rude language and pranks,,4.9,26
Inspector Gadget 2,General Audiences. Suitable for all ages.,,7.8,61
Air Bud: Spikes Back,General Audiences. Suitable for all ages.,,7,62
Annie,adult content and mld violence,,4,9
An American Tail: Fievel Goes West,General Audiences. Suitable for all ages.,,5,26
D2: The Mighty Ducks,some mild language and rough hockey action,,5.8,17
"Honey, I Shrunk the Kids",Parental guidance suggested. May not be suitable for children.,,7.8,8
The Iron Giant,fantasy action and mild language,,9.3,22
The Fox and the Hound 2,General Audiences. Suitable for all ages.,,8,10
Air Buddies,"some mild, rude humor",,9,26
Dr. Dolittle: Tail to the Chief,brief mild language and some rude behavior,,8.9,62
Flicka 2,some reckless behavior,,1.8,7
H2O: Just Add Water,Parental guidance suggested. May not be suitable for all children.,,8,42
The Gruffalo,Suitable for all ages.,,8.5,3
Dolphin Tale,some mild thematic elements,,5,1
Pound Puppies,Suitable for all ages.,,8.5,82
Beverly Hills Chihuahua 3: Viva La Fiesta!,General Audiences. Suitable for all ages.,,8,7
The Magic School Bus,Suitable for all ages.,,8.7,243
Step Dogs,Parental guidance suggested. May not be suitable for all children.,,8.3,18
PokÌ©mon: Indigo League,Suitable for all ages.,,7,16
Mia and Me,Suitable for all ages.,,2,90
Paddington,mild action and rude humor,,8,12
Russell Madness,some rude humor and sports action,,8,61
My Animal Friends,Suitable for all ages.,,8.7,12
Dawn of the Croods,Suitable for children ages 7 and older,,8,6
Alpha and Omega: Dino Digs,Suitable for all ages.,,9,123
Wiener Dog Internationals,General Audiences. Suitable for all ages.,,8,6
Pup Star,General Audiences. Suitable for all ages.,,6,86
The BFG,"for action/peril, some scary moments and brief rude humor",,9,28
The Secret Life of Pets,for action and some rude humor,,9.5,8
Precious Puppies,Suitable for all ages.,,9.3,15
Beary Tales,Suitable for all ages.,,6.7,55
Growing Up Wild,,,8,32
